State_variable_name_and_unit,Time_instance_1,Time_instance_2,Time_instance_3,Time_instance_4,Time_instance_5,Time_instance_6,Time_instance_7,Time_instance_8,Time_instance_9,Time_instance_10,Time_instance_11,Time_instance_12,Time_instance_13,Time_instance_14,Time_instance_15,Time_instance_16,Time_instance_17,Time_instance_18,Time_instance_19,Time_instance_20,Time_instance_21,Time_instance_22,Time_instance_23,Time_instance_24,Time_instance_25,Time_instance_26,Time_instance_27,Time_instance_28,Time_instance_29,Time_instance_30,Time_instance_31,Time_instance_32,Time_instance_33,Time_instance_34,Time_instance_35,Time_instance_36,Time_instance_37,Time_instance_38,Time_instance_39,Time_instance_40,Time_instance_41,Time_instance_42,Time_instance_43,Time_instance_44,Time_instance_45,Time_instance_46,Time_instance_47,Time_instance_48,Time_instance_49,Time_instance_50,Time_instance_51,Time_instance_52,Time_instance_53,Time_instance_54,Time_instance_55,Time_instance_56,Time_instance_57,Time_instance_58,Time_instance_59,Time_instance_60,Time_instance_61,Time_instance_62,Time_instance_63,Time_instance_64,Time_instance_65,Time_instance_66,Time_instance_67,Time_instance_68,Time_instance_69,Time_instance_70,Time_instance_71,Time_instance_72,Time_instance_73,Time_instance_74,Time_instance_75,Time_instance_76,Time_instance_77,Time_instance_78,Time_instance_79,Time_instance_80,Time_instance_81,Time_instance_82,Time_instance_83,Time_instance_84,Time_instance_85,Time_instance_86,Time_instance_87,Time_instance_88,Time_instance_89,Time_instance_90,Time_instance_91,Time_instance_92,Time_instance_93,Time_instance_94,Time_instance_95,Time_instance_96,Time_instance_97,Time_instance_98,Time_instance_99,Time_instance_100,Time_instance_101,Time_instance_102,Time_instance_103,Time_instance_104,Time_instance_105
Time__days,0,7,14,21,28,35,42,49,56,63,70,77,84,91,98,105,112,119,126,133,140,147,154,161,168,175,182,189,196,203,210,217,224,231,238,245,252,259,266,273,280,287,294,301,308,315,322,329,336,343,350,357,364,371,378,385,392,399,406,413,420,427,434,441,448,455,462,469,476,483,490,497,504,511,518,525,532,539,546,553,560,567,574,581,588,595,602,609,616,623,630,637,644,651,658,665,672,679,686,693,700,707,714,721,728
Product_stream_mass_flow_in_time__kg_per_s,3.3222934471221,3.32240903691528,3.32234962743621,3.32236397812141,3.3223752578289,3.32238462283491,3.32239272163337,3.32239986272798,3.32240628100849,3.32241212307725,3.32241751143517,3.32242242667135,3.32242701344664,3.32243131425171,3.3224353522105,3.3224391581415,3.32244274251539,3.32244612882563,3.32244934711246,3.32245240646448,3.32245531435253,3.3224580714447,3.32246070526103,3.32246322624227,3.32246564471185,3.32246792792573,3.32247011624582,3.32247221082682,3.32247421504604,3.32247613384366,3.32247796950354,3.32247972425383,3.32248140756636,3.32248301386574,3.32248454186554,3.32248599839004,3.3224873955027,3.32248873430774,3.32249001326133,3.32249123585396,3.32249239848432,3.32249350555223,3.3224945577853,3.32249555954838,3.3224965122074,3.32249740290561,3.32249825371825,3.3224990503478,3.32249981878683,3.32250052582237,3.32250114299853,3.32250180657423,3.32250235205066,3.32250380424755,3.32250344107649,3.32250389189468,3.32250431329811,3.32250470430335,3.3225050559635,3.32250536534954,3.32250563662953,3.32250587737452,3.32250609684392,3.32250626275412,3.32250642241346,3.32250653350557,3.32250659794709,3.32250667360971,3.32250671068162,3.32250669074165,3.32250664814729,3.32250660025146,3.32250647679985,3.32250636825591,3.3225061350182,3.3225060318951,3.32250590325088,3.32250562801831,3.32250536698255,3.32250508047206,3.32250475161554,3.32250443578163,3.32250407578902,3.32250370332736,3.32250325827745,3.32250285106511,3.32250240319731,3.3225019479274,3.32250142772823,3.3225009087811,3.3225003757221,3.32249980340495,3.32249922158596,3.32249863616512,3.32249802632851,3.32249738500563,3.32249673836029,3.32249606205538,3.32249534178479,3.32249459396108,3.3224938241872,3.32249300548309,3.32249223856193,3.32249146540522,3.32249063104796
Distillate_bottom_stream_mass_flow_in_time__kg_per_s,0.579848460746186,0.57994874890261,0.579712951167671,0.579717694151101,0.579721421190994,0.57972451403389,0.579727189780088,0.579729546192579,0.579731666738197,0.579733597450968,0.579735349381986,0.579736998529381,0.579738510158704,0.579739928097471,0.579741258689576,0.579742512906633,0.579743692048516,0.579744804360928,0.57974586211551,0.579746867703593,0.579747822734844,0.579748724821664,0.579749586468393,0.579750411512995,0.579751203506711,0.579751946682086,0.579752659373149,0.579753340815102,0.579753991656354,0.579754614027496,0.579755208657834,0.579755776448598,0.579756319712656,0.579756837818691,0.579757330733247,0.579757798589808,0.579758245788155,0.579758673378401,0.579759080939085,0.579759469929195,0.579759838480028,0.579760188517629,0.579760519954893,0.579760834551112,0.579761132993648,0.57976140885713,0.579761672115174,0.579761916135057,0.579762152428151,0.579762371571955,0.579762564833555,0.579762759653549,0.579762942502731,0.579762744146074,0.579763225555633,0.57976336441421,0.57976348304641,0.579763592902101,0.579763689375152,0.579763772123938,0.57976384259914,0.579763902855076,0.579763955210394,0.579763986520746,0.579764019104719,0.579764033319089,0.579764030358498,0.579764036974234,0.579764028296487,0.579763996409318,0.579763960698241,0.579763918714356,0.579763862232444,0.579763795483579,0.579763732391836,0.579763656017879,0.579763558374505,0.579763438679404,0.579763340379774,0.579763227980327,0.579763092681562,0.579762966493402,0.579762823931763,0.579762679280805,0.57976250411511,0.579762349557001,0.579762177401685,0.579762004448501,0.579761804107119,0.57976160844642,0.579761407359287,0.579761190401145,0.579760970909688,0.57976075153666,0.579760522507633,0.579760280035837,0.579760037374098,0.579759783237833,0.579759521777184,0.579759253317995,0.579758977370398,0.579758680740967,0.579758404839755,0.579758121987753,0.5797578135609
KO2_gas_stream_mass_flow_in_time__kg_per_s,0.0268332269443807,0.0268334798335487,0.0268364456497063,0.0268351035100581,0.026834047638213,0.0268331836441868,0.0268324385288615,0.0268317926768112,0.0268312141282422,0.026830694685973,0.026830232403623,0.0268298049125602,0.0268294241110466,0.026829071042422,0.0268287463145418,0.0268284459029033,0.0268281731242551,0.0268279247471286,0.0268276927757512,0.0268274783397675,0.0268272818211035,0.0268271087450529,0.0268269478176081,0.0268267985223534,0.0268266588148202,0.0268265430919609,0.0268264369011708,0.0268263418988554,0.0268262577507894,0.0268261841194798,0.0268261206358884,0.0268260669916071,0.0268260221441874,0.0268259864738337,0.0268259607181393,0.0268259460900964,0.0268259392121838,0.026825939162353,0.0268259464466882,0.0268259603270618,0.0268259821149461,0.0268260109391925,0.0268260464833899,0.0268260886183712,0.0268261379392514,0.0268261944815252,0.026826256386117,0.0268263187663071,0.0268263948200593,0.026826475023803,0.0268265603011488,0.0268266529540516,0.0268267543229531,0.0268268711778475,0.0268269590194022,0.0268270716391059,0.0268271882076692,0.0268273071423711,0.0268274303357743,0.0268275591121572,0.0268276928588625,0.0268278324319362,0.0268279718429445,0.0268281244263937,0.0268282703346039,0.0268284269568697,0.0268285931226144,0.0268287446398733,0.0268289055823857,0.026829082503918,0.0268292585673058,0.0268294300511323,0.0268296193119291,0.0268298041709384,0.0268299874424031,0.0268301794270968,0.0268303764719258,0.0268305687605138,0.026830768235943,0.0268309713706473,0.0268311857054919,0.0268313880182092,0.026831600455035,0.0268318096311973,0.026832042011108,0.026832252623777,0.026832475284273,0.0268326941764702,0.0268329341763888,0.0268331653612048,0.0268333979591882,0.0268336401703923,0.0268338817872297,0.0268341189964321,0.0268343610434843,0.0268346108986152,0.0268348564528834,0.0268351089389029,0.026835362954117,0.0268356188862159,0.0268358757385859,0.0268361476059356,0.0268363996860845,0.0268366603222708,0.0268369360561758
KO2_gas_stream_molar_fraction_of_CO2_in_time__unitless,0.801049209372111,0.801057733950314,0.801061439549927,0.801053634165059,0.801047489823279,0.80104246091334,0.801038120941924,0.801034357245723,0.801030983310798,0.801027951552811,0.801025249432431,0.801022752876008,0.80102052492031,0.801018456592109,0.801016551935022,0.801014787515431,0.801013183156193,0.801011719969628,0.801010350964046,0.801009083007076,0.801007918490394,0.80100689003636,0.801005931129397,0.801005038824355,0.801004201106806,0.801003503232461,0.801002859878236,0.801002280835319,0.801001764165917,0.801001308002754,0.801000910244826,0.801000569170299,0.801000278457203,0.80100004071354,0.800999860492759,0.800999744628869,0.800999673070953,0.800999640521422,0.800999650089865,0.800999697469155,0.800999790489427,0.800999924002887,0.801000096152238,0.801000306175573,0.801000557644279,0.801000850834168,0.801001174671835,0.801001500460104,0.801001905881802,0.801002335641902,0.801002796314148,0.801003295712771,0.801003851084173,0.801004417148127,0.801004959108137,0.801005576063484,0.80100621460212,0.80100686643268,0.801007542759656,0.801008251616522,0.801008989286116,0.801009760593481,0.801010529998005,0.801011376560933,0.801012183025457,0.80101305220583,0.801013977249554,0.801014815141338,0.801015707956836,0.801016694573704,0.801017675951449,0.801018628639826,0.801019688222479,0.801020718123599,0.801021746664233,0.801022814625263,0.801023911417944,0.801024985740947,0.801026102062913,0.80102723905858,0.801028441244707,0.801029571892916,0.801030762065563,0.80103193260374,0.80103323986589,0.801034418022767,0.801035666726371,0.801036892685692,0.801038242957859,0.801039540936722,0.801040846598581,0.801042208612841,0.801043566570036,0.80104489805988,0.801046257589155,0.801047662661855,0.80104904188435,0.801050461644056,0.801051891633259,0.801053333006169,0.801054779493267,0.801056314305329,0.801057731062547,0.801059197116271,0.801060752153801
KO2_gas_stream_molar_fraction_of_CO_in_time__unitless,0.0195139623849972,0.0195090259225546,0.01950004347579,0.0194993780702611,0.0194988606767799,0.0194984317913679,0.0194980658842174,0.0194977451780005,0.0194974613299782,0.0194972067729001,0.0194969732411156,0.0194967647983237,0.0194965714399187,0.0194963943938911,0.0194962313957806,0.0194960812226384,0.0194959419366419,0.0194958127394309,0.0194956936812351,0.0194955836562943,0.0194954818237234,0.0194953866593756,0.0194952992100022,0.0194952189681135,0.0194951457198552,0.019495077076206,0.0194950146224153,0.0194949577610735,0.0194949062335341,0.0194948597269219,0.0194948180663847,0.0194947810546347,0.0194947485465348,0.0194947203480029,0.0194946961218138,0.0194946754796943,0.0194946587059877,0.0194946457874513,0.0194946365116471,0.0194946308116868,0.0194946283340003,0.0194946291289537,0.0194946331249206,0.0194946402046818,0.0194946501514159,0.0194946629765946,0.0194946787027578,0.0194946981302692,0.0194947188900829,0.0194947426617071,0.0194947689660438,0.019494797523058,0.0194948276919763,0.0194948344174587,0.0194948971442404,0.0194949355690722,0.0194949759662774,0.0194950188579185,0.0194950639515415,0.0194951108949757,0.0194951597974118,0.0194952104511233,0.0194952636445488,0.0194953174962984,0.0194953746895991,0.019495432807294,0.0194954919684193,0.0194955554984184,0.0194956199806604,0.0194956844483589,0.0194957511864839,0.0194958209212775,0.0194958899150395,0.0194959621923187,0.0194960358204957,0.019496111292804,0.0194961868246754,0.0194962657614077,0.0194963460089471,0.0194964274514933,0.0194965089687751,0.0194965939337502,0.0194966792743061,0.0194967668419249,0.019496852909156,0.019496943675484,0.0194970344125368,0.0194971273461375,0.0194972189549354,0.0194973133325783,0.0194974091122802,0.0194975051460242,0.0194976027977895,0.0194977024143574,0.019497802900184,0.0194979038210324,0.0194980068449126,0.0194981103560841,0.0194982149953621,0.0194983208750767,0.0194984280984104,0.0194985345799521,0.0194986450040795,0.0194987553358944,0.0194988649912634
KO2_gas_stream_molar_fraction_of_H2_in_time__unitless,0.120574439452093,0.120571973251588,0.120574300775811,0.120579625124633,0.120583822353218,0.120587254094722,0.120590220162546,0.120592790579564,0.120595098531555,0.120597173670767,0.120599022277096,0.120600731820769,0.120602254498273,0.120603671154883,0.120604976817761,0.120606188009275,0.120607288181944,0.120608290882868,0.120609231466993,0.120610103890666,0.120610905591151,0.120611610868939,0.120612270439423,0.120612886219917,0.12061346703461,0.120613946662109,0.120614390682822,0.120614791221423,0.120615149472218,0.120615466587917,0.12061574400002,0.120615982809633,0.120616187675071,0.12061635640982,0.120616485321851,0.12061656901124,0.120616622799914,0.120616650624317,0.12061664994043,0.120616623947567,0.120616566379552,0.120616481213566,0.120616369710563,0.120616232458543,0.120616066684246,0.120615871588652,0.120615656198887,0.120615441660186,0.120615169894085,0.12061488168279,0.120614571701393,0.120614235924514,0.12061385973362,0.120613493800999,0.120613115973939,0.120612698997906,0.120612268067467,0.120611829371509,0.120611374045753,0.120610895783347,0.12061039756331,0.120609875744992,0.120609357452675,0.120608781729071,0.120608239007379,0.120607649912943,0.120607019680482,0.120606458616443,0.120605857171023,0.120605185232913,0.120604519260363,0.12060387686072,0.120603154510752,0.120602455890148,0.120601760604728,0.120601036635173,0.120600292017804,0.120599566351013,0.120598809426065,0.120598038161345,0.120597218283306,0.120596455206702,0.120595647667927,0.120594856684007,0.120593961640667,0.120593167717279,0.120592320747559,0.120591492681769,0.120590570078277,0.120589689052794,0.120588803466863,0.120587875639869,0.120586952313625,0.120586050453604,0.120585128226009,0.120584172053569,0.120583237000601,0.120582271894364,0.120581299929332,0.120580320386072,0.120579337895252,0.120578288342249,0.120577331035491,0.120576337090924,0.120575275211738
KO2_gas_stream_molar_fraction_of_H2O_in_time__unitless,0,0,0,0,0,0,0,0,0,0,0,0,0,0,0,0,0,0,0,0,0,0,0,0,0,0,0,0,0,0,0,0,0,0,0,0,0,0,0,0,0,0,0,0,0,0,0,0,0,0,0,0,0,0,0,0,0,0,0,0,0,0,0,0,0,0,0,0,0,0,0,0,0,0,0,0,0,0,0,0,0,0,0,0,0,0,0,0,0,0,0,0,0,0,0,0,0,0,0,0,0,0,0,0,0
KO2_gas_stream_molar_fraction_of_CH3OH_in_time__unitless,0,0,0,0,0,0,0,0,0,0,0,0,0,0,0,0,0,0,0,0,0,0,0,0,0,0,0,0,0,0,0,0,0,0,0,0,0,0,0,0,0,0,0,0,0,0,0,0,0,0,0,0,0,0,0,0,0,0,0,0,0,0,0,0,0,0,0,0,0,0,0,0,0,0,0,0,0,0,0,0,0,0,0,0,0,0,0,0,0,0,0,0,0,0,0,0,0,0,0,0,0,0,0,0,0
KO2_gas_stream_molar_fraction_of_N2_in_time__unitless,0.0588623887907991,0.0588612668755435,0.0588642161984722,0.0588673626400475,0.0588698271467236,0.0588718532005706,0.0588735930113131,0.0588751069967128,0.0588764568276684,0.0588776680035222,0.0588787550493576,0.0588797505048993,0.0588806491414989,0.0588814778591162,0.0588822398514371,0.0588829432526555,0.0588835867252211,0.058884176408073,0.0588847238877257,0.0588852294459642,0.0588856940947313,0.0588861124353258,0.0588864992211775,0.0588868559876147,0.058887186138728,0.058887473029224,0.0588877348165275,0.0588879701821848,0.0588881801283315,0.0588883656824063,0.05888852768877,0.0588886669654335,0.0588887853211913,0.0588888825286368,0.0588889580635767,0.0588890108801967,0.0588890454231449,0.0588890630668093,0.0588890634580579,0.0588890477715907,0.058889014797021,0.0588889656545931,0.0588889010122776,0.0588888211612017,0.0588887255200589,0.0588886146005862,0.0588884904265206,0.0588883597494404,0.05888820533403,0.0588880400136004,0.0588878630184153,0.0588876708396567,0.05888746149023,0.0588872546334154,0.058887027773684,0.0588867893695373,0.0588865413641358,0.0588862853378923,0.0588860192430492,0.0588857417051546,0.058885453353162,0.0588851532104036,0.058884848904771,0.0588845242136974,0.058884203277565,0.0588838650739328,0.0588835111015442,0.0588831707438009,0.0588828148914803,0.0588824357450249,0.058882053601704,0.058881673578177,0.0588812673517298,0.0588808637939347,0.0588804569105437,0.0588800374467596,0.058879609739577,0.0588791821466317,0.0588787425020752,0.0588782953285813,0.0588778315032126,0.058877378966632,0.058876910992204,0.0588764438703273,0.0588759455842874,0.0588754705844702,0.0588749781135333,0.0588744872864009,0.0588739680089283,0.0588734566779056,0.0588729408222759,0.0588724106012659,0.05887187831855,0.0588713490721589,0.0588708112846512,0.058870261463543,0.0588697142701361,0.0588691561054965,0.0588685934420466,0.0588680257326822,0.058867454513071,0.0588668627724704,0.0588662928978823,0.0588657104569099,0.0588651076431981
Purge_stream_mass_flow_in_time__kg_per_s,1.862533032879,1.86231690204024,1.86260914343808,1.8625913919091,1.86257744103356,1.86256584717869,1.86255581774935,1.8625469660943,1.86253900581674,1.86253175247748,1.86252507447088,1.86251893757839,1.86251321997527,1.86250785430007,1.86250281047705,1.86249805074064,1.86249356000352,1.86248930975798,1.86248526568794,1.86248141518384,1.86247774878319,1.86247426268026,1.86247092814464,1.86246773141404,1.8624646606583,1.86246174999189,1.86245895517153,1.8624562741509,1.86245370323849,1.86245123570103,1.86244886889441,1.86244659999764,1.86244441826847,1.86244232953341,1.86244033437474,1.86243842462173,1.86243658718863,1.86243482084318,1.86243312704458,1.86243150158146,1.86242994861238,1.86242846268262,1.86242704346809,1.86242568497381,1.86242438455138,1.86242316144741,1.86242198547213,1.8624208824425,1.86241980165663,1.86241879527354,1.86241789955843,1.86241694850984,1.86241611881533,1.86241474812019,1.86241454204014,1.86241383974367,1.86241318313948,1.86241256334384,1.86241199201726,1.86241147110604,1.86241099560414,1.86241055503014,1.8624101437944,1.86240979399041,1.86240945583889,1.86240917391014,1.86240894626347,1.86240871246785,1.86240852313117,1.86240839803679,1.86240830027884,1.86240821867472,1.86240820934745,1.86240819978125,1.86240831283924,1.86240830035159,1.86240832959435,1.86240853223343,1.86240869209341,1.86240888786864,1.86240913768908,1.86240937739843,1.86240966751586,1.86240997545231,1.86241036328801,1.86241071444578,1.8624111118084,1.8624115211393,1.86241200167994,1.86241248510295,1.86241298665109,1.86241353371518,1.86241409340879,1.86241466099345,1.86241525781205,1.8624158917516,1.86241653550441,1.86241721345956,1.86241794117557,1.86241870152639,1.86241949039549,1.86242033386168,1.86242112460391,1.86242191997643,1.86242278702663
Purge_stream_molar_fraction_of_CO2_in_time__unitless,0.0230265583304242,0.0230260129211048,0.0230292581389201,0.0230279461578663,0.0230269140333304,0.0230260685559759,0.0230253392123576,0.0230247061929737,0.0230241389513465,0.0230236290826427,0.0230231740310795,0.0230227536312546,0.0230223777216817,0.0230220288174768,0.0230217073261267,0.0230214093931577,0.0230211379655737,0.0230208899564171,0.0230206579097901,0.023020442793584,0.0230202449081682,0.0230200692651047,0.0230199054318027,0.023019752870459,0.0230196096576302,0.0230194890875927,0.0230193777691195,0.0230192771992334,0.0230191870536553,0.0230191069938759,0.0230190366716665,0.0230189757938693,0.0230189233491854,0.0230188797249311,0.0230188456015996,0.0230188220311902,0.0230188058659082,0.023018796263526,0.0230187936956416,0.0230187974694741,0.023018808801665,0.0230188268716455,0.0230188513883807,0.0230188822046126,0.0230189198514781,0.0230189644537407,0.0230190141688134,0.0230190646679504,0.0230191277353972,0.0230191949724888,0.0230192674282759,0.0230193461977177,0.0230194337003465,0.0230195289306492,0.0230196103907429,0.0230197086731341,0.0230198107236836,0.0230199151104786,0.0230200236144163,0.0230201374589729,0.0230202560585193,0.0230203801349741,0.0230205041921599,0.0230206405539956,0.023020770884077,0.0230209112546863,0.023021060591168,0.0230211965414635,0.0230213412929864,0.0230215009216728,0.0230216599146792,0.0230218147683426,0.0230219862716526,0.0230221536440406,0.0230223204782117,0.0230224942256993,0.0230226727402655,0.0230228479830621,0.0230230296096665,0.0230232147213232,0.0230234102780713,0.0230235948226016,0.0230237888476222,0.0230239799884862,0.0230241926747754,0.0230243853348128,0.0230245891951305,0.0230247896752983,0.0230250097462957,0.0230252218003375,0.02302543522118,0.0230256576256798,0.0230258795442878,0.0230260974786214,0.023026319960049,0.0230265497328485,0.023026775629358,0.0230270080104408,0.0230272420842255,0.0230274780806542,0.0230277150553233,0.0230279659838102,0.0230281985841767,0.0230284389749501,0.0230286934826305
Purge_stream_molar_fraction_of_CO_in_time__unitless,0.0137080302064266,0.0137047865475682,0.0136984048166639,0.0136973179067499,0.0136964672280418,0.0136957668897442,0.0136951657197036,0.0136946418098914,0.0136941749297005,0.0136937557789759,0.0136933771417946,0.0136930328574703,0.0136927200310692,0.013692431475398,0.0136921657699966,0.0136919202410648,0.0136916948906003,0.0136914877055528,0.0136912952272847,0.0136911171255551,0.0136909529398565,0.0136908039378134,0.0136906659677636,0.0136905384231193,0.0136904202479853,0.0136903159707213,0.0136902204468606,0.0136901339512022,0.0136900561438701,0.0136899866475473,0.013689925173248,0.0136898714431336,0.0136898248769878,0.013689785521212,0.0136897534578012,0.0136897289003267,0.0136897105735875,0.0136896980736368,0.0136896914705611,0.0136896903929696,0.0136896951558368,0.0136897054136476,0.0136897209749586,0.0136897416926417,0.0136897676664034,0.0136897989335366,0.0136898346786381,0.013689873389546,0.0136899190148837,0.0136899687410113,0.0136900226965324,0.0136900812324612,0.0136901451345197,0.0136901923814843,0.0136902797394255,0.0136903545100115,0.013690432390289,0.0136905131515639,0.0136905974082957,0.0136906854895903,0.0136907772010431,0.0136908727416911,0.0136909700718423,0.0136910736418911,0.0136911767666049,0.0136912852592463,0.0136913987007364,0.0136915089775548,0.0136916240631511,0.0136917461164563,0.0136918695025522,0.0136919930406065,0.0136921239495689,0.0136922551674361,0.0136923872763155,0.013692523752855,0.0136926624283254,0.0136928020198971,0.0136929457108243,0.0136930918534903,0.0136932429094775,0.0136933912614748,0.013693544329495,0.0136936976304907,0.0136938599677745,0.0136940162674779,0.0136941777969611,0.0136943393048486,0.0136945090592465,0.0136946770277197,0.0136948466352325,0.013695020633169,0.0136951955596876,0.0136953700126552,0.0136955472157652,0.0136957281430226,0.0136959087474864,0.0136960927418799,0.0136962783549264,0.01369646575991,0.0136966545720055,0.0136968493989354,0.013697038435633,0.013697231070615,0.0136974298250186
Purge_stream_molar_fraction_of_H2_in_time__unitless,0.650018957031765,0.650019291837869,0.650020599788055,0.650020234106191,0.65001999714381,0.650019767949209,0.650019606522445,0.650019446592859,0.650019333912946,0.650019240707027,0.650019132974649,0.65001906311235,0.650018963125731,0.650018893963576,0.650018836165463,0.650018793827279,0.650018740839719,0.650018682295751,0.650018645791768,0.650018619314857,0.65001859487675,0.650018542679524,0.650018508306678,0.650018490350959,0.650018494043994,0.650018451340339,0.65001842421974,0.650018402459666,0.650018385016176,0.650018370687895,0.650018359383686,0.650018350480078,0.650018346716524,0.650018344783906,0.650018339585119,0.650018324593117,0.650018313636833,0.65001830950677,0.650018308657731,0.650018313183109,0.650018315454155,0.650018319178688,0.65001832450589,0.650018331598819,0.650018337252037,0.650018338233539,0.650018344736064,0.650018373635281,0.650018374222001,0.650018379571864,0.650018382429685,0.650018387234385,0.650018372998819,0.65001838739327,0.65001840947427,0.650018413742917,0.650018423636289,0.650018445154952,0.650018468581172,0.650018486752366,0.65001850313667,0.650018514222129,0.650018545231358,0.650018536450107,0.650018576226678,0.650018586473553,0.650018571972259,0.650018640683557,0.650018685185162,0.650018675273851,0.650018686006652,0.650018733171014,0.65001871802729,0.650018737698047,0.650018774208581,0.650018798785233,0.650018812437945,0.650018860284939,0.650018888997474,0.650018915767632,0.650018907072707,0.650018966401692,0.65001899379706,0.650019048858123,0.650019013175151,0.650019088271963,0.650019122235191,0.650019185641393,0.65001916705841,0.650019199254443,0.650019237681982,0.65001924479149,0.650019266849853,0.650019318564772,0.650019360397335,0.650019378647639,0.650019427233581,0.650019455973879,0.650019486550753,0.650019519451236,0.650019558215922,0.650019539898662,0.650019620683077,0.650019674783697,0.650019669632887
Purge_stream_molar_fraction_of_H2O_in_time__unitless,0.000795971115968796,0.000796022769954421,0.000795874996522407,0.000795875471331595,0.000795875835407968,0.000795876151012854,0.00079587642042866,0.000795876666964668,0.000795876886823053,0.000795877091051652,0.000795877275749719,0.0007958774697507,0.000795877651260806,0.000795877820824041,0.000795877983383213,0.000795878138861459,0.000795878293399709,0.000795878446446378,0.00079587859229621,0.00079587873413067,0.000795878873654629,0.000795879017899632,0.000795879156423581,0.000795879290329429,0.000795879418395287,0.000795879555405064,0.000795879688271038,0.000795879819164251,0.000795879948031088,0.000795880075608511,0.000795880201861705,0.000795880326994797,0.000795880450182229,0.000795880572501644,0.000795880695421791,0.000795880820102934,0.000795880943347111,0.000795881064610757,0.000795881184733728,0.000795881303384832,0.000795881421923819,0.000795881539875794,0.000795881656846484,0.000795881773339535,0.000795881890573603,0.000795882006449603,0.000795882121860108,0.000795882228031612,0.000795882346825864,0.000795882464079897,0.000795882579283871,0.000795882694856157,0.000795882826170185,0.000795882599008973,0.00079588302576756,0.000795883144952591,0.000795883256289846,0.000795883365409336,0.00079588347327966,0.000795883582112847,0.000795883691369297,0.000795883802650399,0.000795883908045577,0.00079588402190943,0.000795884124863007,0.000795884234042177,0.000795884348398876,0.000795884443949774,0.000795884544761209,0.000795884657377021,0.000795884766336201,0.000795884862775116,0.000795884981487207,0.000795885083049006,0.000795885198228847,0.000795885297171638,0.000795885390479302,0.000795885478218211,0.000795885586709329,0.000795885691937963,0.000795885800901347,0.000795885894824419,0.000795885995705762,0.000795886089999696,0.000795886204152837,0.000795886294014633,0.000795886392447346,0.000795886483878367,0.000795886593394223,0.000795886691437146,0.000795886787660618,0.000795886890116346,0.000795886989263401,0.000795887081048108,0.000795887174508556,0.00079588727232768,0.000795887362769532,0.000795887457413795,0.000795887553391761,0.000795887649136325,0.000795887742371883,0.000795887847823332,0.00079588793064223,0.000795888020023292,0.000795888120316713
Purge_stream_molar_fraction_of_CH3OH_in_time__unitless,0.00461804812771481,0.004617944734925,0.00461821312500841,0.00461820467733769,0.0046181979851291,0.00461819251658089,0.00461818775844737,0.00461818363105041,0.00461817989551601,0.00461817651560935,0.00461817352222821,0.00461817068276916,0.00461816817491395,0.00461816581479434,0.00461816362111,0.00461816156504136,0.00461815968701647,0.00461815796261317,0.00461815632119267,0.00461815477815956,0.00461815334253948,0.0046181520701347,0.00461815085798712,0.00461814970247646,0.00461814858730987,0.00461814765433386,0.00461814676584118,0.00461814594012043,0.00461814517665656,0.00461814447346671,0.00461814382869232,0.00461814324100426,0.00461814270206911,0.00461814221671366,0.0046181417929234,0.00461814144325496,0.00461814113649838,0.00461814086497567,0.00461814063462157,0.00461814043907658,0.00461814029309797,0.00461814018779995,0.00461814012197004,0.00461814009349147,0.00461814010743087,0.00461814017296276,0.00461814026359216,0.00461814034798154,0.00461814052174114,0.00461814071860387,0.00461814095507949,0.00461814122599719,0.00461814154655698,0.00461814247754237,0.00461814222916682,0.00461814261587636,0.00461814303207593,0.00461814345183726,0.00461814389688835,0.00461814437980733,0.00461814489352664,0.00461814544392172,0.00461814597952247,0.00461814662621594,0.00461814719372711,0.00461814784942488,0.00461814858252274,0.00461814916142825,0.00461814981576073,0.00461815060957857,0.00461815137981051,0.00461815210128655,0.0046181529635765,0.00461815378824378,0.00461815456296933,0.00461815542490341,0.00461815633906907,0.00461815720062153,0.00461815808964143,0.00461815900823009,0.00461816002908671,0.004618160922735,0.0046181619028746,0.00461816284208957,0.00461816399354539,0.00461816492464524,0.00461816596154287,0.00461816695291316,0.0046181681365198,0.00461816922699913,0.00461817032126089,0.00461817149952795,0.00461817266173291,0.00461817377503953,0.00461817492594683,0.00461817614396653,0.00461817731298554,0.00461817853961556,0.00461817977213736,0.00461818101411861,0.00461818225944918,0.00461818364128619,0.00461818482493052,0.0046181860781495,0.0046181874743764
Purge_stream_molar_fraction_of_N2_in_time__unitless,0.307832435187701,0.307835941188579,0.30783764913483,0.307840421680524,0.307842547774281,0.307844327937477,0.307845824366618,0.30784714510626,0.307848295423668,0.307849320824694,0.307850265054499,0.307851102246406,0.307851893295344,0.307852602107931,0.30785324913392,0.307853836834596,0.307854388323691,0.30785490363322,0.307855366157668,0.307855787253713,0.307856175059031,0.307856553029524,0.307856890279345,0.307857189362657,0.307857448044685,0.307857716391608,0.307857951110168,0.307858160630614,0.307858346661611,0.307858511121607,0.307858654740846,0.30785877871492,0.307858881905052,0.307858967180735,0.307859038867134,0.307859102212008,0.307859147843826,0.307859174226481,0.307859184356711,0.307859177211986,0.307859158873321,0.307859126808343,0.307859081351954,0.307859022637095,0.307858953232077,0.307858876199771,0.307858784031032,0.307858665731209,0.307858556159151,0.307858433531952,0.307858303911143,0.307858161414583,0.307858023793587,0.307857866218045,0.307857675140627,0.307857497313109,0.307857306961372,0.307857099765758,0.307856883025948,0.307856662337151,0.307856435018871,0.307856203654634,0.307855950617072,0.307855718705881,0.30785544480405,0.307855184929048,0.307854935804915,0.307854620192047,0.307854315098178,0.307854042421064,0.30785374842997,0.307853422055975,0.307853133806425,0.307852814619184,0.307852478275694,0.307852142514138,0.307851810663916,0.307851447033262,0.307851092005685,0.307850732957387,0.307850393909757,0.307850000696672,0.307849625127243,0.307849224590811,0.307848883984601,0.307848458907087,0.307848058418727,0.307847631941669,0.307847259406134,0.307846845999063,0.307846423352684,0.307846018560017,0.307845598395175,0.307845153087864,0.307844710326395,0.307844280060196,0.30784382371382,0.307843377276771,0.307842925684566,0.307842468044945,0.307842002154928,0.307841573229483,0.307841069541541,0.307840581072565,0.30784013146477
Net_heat_consumed_per_kg_of_methanol_produced__kJ_per_kg,-5296.26211535098,-5299.31077562178,-5300.37831803798,-5300.90635111292,-5301.3127937655,-5301.59153215702,-5301.78251992038,-5301.99126018763,-5302.23051875058,-5302.31599353026,-5302.46184963083,-5302.57713076938,-5302.68087983926,-5302.7743262948,-5302.85840091802,-5302.93678459856,-5303.00861416034,-5303.07554157933,-5303.13706386573,-5303.19950833143,-5303.26073818591,-5303.30911746364,-5303.34649224929,-5303.3835018513,-5303.4223531148,-5303.45702266904,-5303.49764475505,-5303.5385618437,-5303.57766693593,-5303.61495650527,-5303.65110250672,-5303.68420809092,-5303.71449458935,-5303.74270934979,-5303.76942037441,-5303.79454532905,-5303.81837497926,-5303.84140706075,-5303.86261436962,-5303.88231341299,-5303.90462963465,-5303.9278353389,-5303.95033876372,-5303.97212330265,-5303.9932171881,-5304.01366266953,-5304.03347474622,-5304.05269329054,-5304.07101732674,-5304.08871545241,-5304.10229692824,-5304.12120991373,-5304.13958384904,-5304.15729284984,-5304.17476988302,-5304.19162195263,-5304.20800045162,-5304.2239220873,-5304.2394029512,-5304.25469303688,-5304.26957202041,-5304.28398128811,-5304.29786259896,-5304.31132255608,-5304.32440539074,-5304.33712749237,-5304.34950225984,-5304.36155422415,-5304.37351292509,-5304.38447533106,-5304.39563126052,-5304.40915571779,-5304.42315092565,-5304.43677031716,-5304.4500649421,-5304.46299189707,-5304.47560713587,-5304.48786843134,-5304.49998399272,-5304.51182437218,-5304.52339716297,-5304.5347056325,-5304.54576812627,-5304.55660290228,-5304.56719692472,-5304.57754385517,-5304.58761891727,-5304.59749243433,-5304.60687018396,-5304.61075953551,-5304.61399348987,-5304.61663591448,-5304.61862704487,-5304.62031876275,-5304.62123926704,-5304.62130794097,-5304.6204503475,-5304.61854898446,-5304.61567105028,-5304.61176313079,-5304.60630708339,-5304.59901483784,-5304.58922801335,-5304.57641255695,-5304.56025359039
Net_electricity_consumed_per_kg_of_methanol_produced__kJ_per_kg,1083.03929480518,1083.00182384457,1083.02124419104,1083.01666034465,1083.01306302882,1083.01007273306,1083.00749057651,1083.00521159943,1083.0031663079,1083.00130518397,1082.99958563426,1082.99802048239,1082.99655562721,1082.99518425598,1082.99389716102,1082.99268495028,1082.9915416036,1082.99046024055,1082.98943430048,1082.98845958917,1082.98753292379,1082.98665079281,1082.98580949696,1082.98500554822,1082.98423621811,1082.98350472098,1082.98280483547,1082.98213509426,1082.98149433857,1082.98088082152,1082.9802938796,1082.97973276591,1082.97919469144,1082.97868119082,1082.97819213373,1082.9777245679,1082.97727611829,1082.9768467782,1082.97643668536,1082.97604494782,1082.97567189513,1082.97531655273,1082.9749787185,1082.97465699999,1082.97435060756,1082.97406341322,1082.97378933757,1082.97353497453,1082.97328613762,1082.97305741912,1082.97285732143,1082.97264179829,1082.97246226801,1082.97198958282,1082.97210988368,1082.97196211688,1082.97182418292,1082.97169707916,1082.97158266003,1082.97148107507,1082.97139137248,1082.97131069122,1082.97123882165,1082.97117967213,1082.97112763303,1082.97108784274,1082.97106021481,1082.97103787512,1082.97102513326,1082.97102465061,1082.9710335668,1082.97104799835,1082.97107985399,1082.97111047627,1082.97118337592,1082.97121221961,1082.97124797335,1082.97133502422,1082.97141512245,1082.9715030749,1082.97160065805,1082.9717013152,1082.97181260081,1082.97193080616,1082.97206238509,1082.97219370971,1082.97233350801,1082.97247878306,1082.97263591846,1082.97279808519,1082.97296534469,1082.97314173619,1082.97332268929,1082.97350791759,1082.97369982404,1082.97389919779,1082.97410349824,1082.97431508812,1082.9745410576,1082.9747761042,1082.97501879788,1082.97527094023,1082.97551702153,1082.97576198176,1082.97602017649
Molar_methanol_yield_based_on_CO2__unitless,2.78415557217333,2.78425243898293,2.78420265252221,2.7842146787146,2.78422413135958,2.78423197944225,2.78423876641494,2.78424475081056,2.78425012947193,2.78425502525509,2.7842595408185,2.7842636598954,2.78426750371479,2.7842711078848,2.7842744917838,2.78427768123836,2.78428068502315,2.78428352282622,2.78428621982194,2.78428878362676,2.78429122050143,2.7842935310058,2.78429573820228,2.78429785084046,2.78429987757159,2.78430179095545,2.7843036248162,2.78430538012152,2.78430705970167,2.78430866769661,2.7843102060203,2.78431167653995,2.78431308719317,2.78431443330767,2.78431571380538,2.7843169344052,2.78431810521659,2.7843192271649,2.78432029895636,2.7843213235161,2.78432229782611,2.78432322557357,2.78432410736821,2.78432494686788,2.78432574521726,2.78432649164212,2.78432720464198,2.7843278722352,2.78432851620415,2.78432910871561,2.78432962592291,2.78433018201406,2.7843306391354,2.7843318561086,2.78433155176319,2.78433192955884,2.78433228270425,2.78433261037532,2.78433290507431,2.78433316434668,2.78433339168532,2.78433359343496,2.78433377735519,2.78433391639161,2.78433405018968,2.78433414328733,2.78433419729075,2.78433426069771,2.78433429176479,2.78433427505466,2.78433423935964,2.78433419922187,2.78433409576668,2.78433400480445,2.78433380934608,2.78433372292664,2.78433361511993,2.78433338446893,2.78433316571517,2.78433292561303,2.78433265002398,2.78433238534816,2.78433208366637,2.78433177153524,2.78433139857354,2.78433105732057,2.78433068199743,2.78433030047116,2.78432986453271,2.78432942964351,2.78432898292825,2.78432850331379,2.78432801573657,2.78432752514093,2.78432701408433,2.78432647664153,2.7843259347384,2.78432536797989,2.78432476437717,2.78432413768432,2.78432349259674,2.78432280650454,2.78432216380761,2.78432151588514,2.78432081667526
Molar_methanol_yield_based_on_H2__unitless,0.928051857391111,0.928084146327642,0.928067550840736,0.928071559571532,0.928074710453193,0.928077326480751,0.928079588804979,0.928081583603519,0.928083376490645,0.928085008418363,0.928086513606167,0.928087886631799,0.928089167904931,0.928090369294934,0.928091497261266,0.928092560412787,0.928093561674385,0.928094507608741,0.928095406607315,0.928096261208921,0.928097073500477,0.928097843668599,0.928098579400761,0.928099283613486,0.92809995919053,0.928100596985149,0.928101208272066,0.928101793373839,0.928102353233889,0.928102889232204,0.928103402006766,0.928103892179982,0.928104362397722,0.928104811102555,0.928105237935126,0.928105644801734,0.928106035072196,0.928106409054965,0.928106766318787,0.928107107838698,0.928107432608705,0.928107741857856,0.928108035789404,0.928108315622628,0.928108581739088,0.928108830547373,0.928109068213993,0.928109290745067,0.928109505401382,0.928109702905202,0.928109875307638,0.928110060671352,0.928110213045134,0.928110618702867,0.928110517254397,0.928110643186279,0.928110760901417,0.928110870125105,0.928110968358104,0.928111054782226,0.928111130561773,0.928111197811655,0.928111259118397,0.928111305463871,0.928111350063227,0.928111381095777,0.928111399096918,0.92811142023257,0.928111430588263,0.928111425018218,0.928111413119879,0.928111399740622,0.928111365255559,0.928111334934816,0.928111269782025,0.928111240975546,0.928111205039977,0.928111128156311,0.928111055238391,0.928110975204343,0.928110883341326,0.928110795116053,0.928110694555456,0.928110590511745,0.928110466191181,0.928110352440191,0.928110227332477,0.928110100157052,0.928109954844238,0.928109809881171,0.928109660976084,0.928109501104596,0.928109338578857,0.928109175046976,0.928109004694776,0.928108825547178,0.9281086449128,0.928108455993297,0.928108254792391,0.928108045894772,0.928107830865579,0.928107602168181,0.928107387935869,0.928107171961712,0.928106938891752
Molar_conversion_of_CO2_to_methanol_based_on_CO2__unitless,0.884480884997333,0.884494500357954,0.884463069742733,0.884470442267996,0.884476229817613,0.884480987066525,0.884485083965639,0.88448865166682,0.884491843066948,0.884494714756581,0.884497293495449,0.884499667592631,0.884501810498062,0.884503797009514,0.884505631095047,0.884507332512402,0.884508893610073,0.884510329710017,0.884511672592268,0.88451292091377,0.884514075508148,0.884515118930801,0.884516093089331,0.884517001620047,0.884517853300873,0.884518597128508,0.884519286473869,0.884519916472623,0.884520489128604,0.884521006706119,0.884521471056978,0.88452188389523,0.884522250063126,0.884522568139068,0.884522835941182,0.884523050235646,0.884523223869924,0.884523360376968,0.884523458194153,0.884523520433443,0.884523542694415,0.884523528406592,0.88452347897022,0.884523395368106,0.884523275876474,0.884523119652205,0.884522934875144,0.884522737493522,0.884522484190027,0.884522205742188,0.884521896871491,0.8845215595182,0.884521177914293,0.88452077734407,0.884520387283195,0.884519942466732,0.884519475670036,0.884518992983695,0.884518487353954,0.884517954355416,0.884517396303105,0.884516811004873,0.884516219774912,0.884515574547869,0.88451494706294,0.884514274540593,0.884513561227308,0.884512894498179,0.884512188149086,0.884511418456744,0.88451064578626,0.884509884152786,0.884509051975093,0.884508231957266,0.884507404679596,0.88450655257779,0.884505677596587,0.884504802116662,0.884503902082979,0.884502983681963,0.884502019717812,0.884501094426783,0.884500127671756,0.88449916776958,0.884498119520988,0.884497145469386,0.884496123875349,0.884495111438919,0.884494018624437,0.884492953163582,0.884491878703199,0.88449076530357,0.884489650225546,0.884488547404854,0.884487423199875,0.884486266960598,0.884485122201165,0.884483948637671,0.884482763921379,0.88448156766676,0.884480363869528,0.884479102327143,0.88447791016002,0.884476685861854,0.88447540265858
Molar_conversion_to_methanol_based_on_H2__unitless,0.68544287914915,0.685478691571928,0.685429270561427,0.68543212771041,0.685434312425104,0.685436171956399,0.685437737444792,0.685439144630328,0.685440373783837,0.685441485528246,0.685442541573639,0.685443476253015,0.68544439567328,0.685445230715573,0.685446009884847,0.685446732970483,0.685447435004956,0.685448113360395,0.685448737587805,0.68544932459187,0.685449885645289,0.685450459188062,0.685450991034148,0.685451484951149,0.685451935841821,0.685452425075252,0.685452880196133,0.685453314419442,0.685453729473392,0.685454127781062,0.685454509744997,0.685454876457716,0.68545522601546,0.685455561558796,0.685455889377573,0.68545621910936,0.685456535060348,0.685456833735585,0.685457119331311,0.685457389753434,0.685457653948178,0.685457908046233,0.6854581517967,0.6854583859515,0.685458615019763,0.685458839671591,0.685459052013999,0.68545922563455,0.685459434831221,0.685459627610728,0.685459806983841,0.685459996127424,0.685460191370738,0.685460447089395,0.685460491064068,0.685460647425825,0.685460791009064,0.685460915515153,0.685461031367783,0.685461147332105,0.685461259852384,0.685461375208712,0.68546146180214,0.685461590960758,0.685461657495498,0.68546175422331,0.685461875288093,0.685461892106816,0.685461934204084,0.685462036989493,0.685462110219004,0.685462135383059,0.685462230087826,0.685462281428842,0.685462291726507,0.685462340488525,0.685462397350604,0.685462382674914,0.685462400869417,0.685462416851906,0.685462470663936,0.685462440085382,0.685462443307787,0.685462409206477,0.685462479479643,0.685462414813014,0.6854623964014,0.685462339312429,0.685462376747763,0.685462349516303,0.685462312379998,0.685462308916993,0.685462285249607,0.68546222307313,0.685462169762991,0.685462141558792,0.685462073757119,0.685462026735945,0.685461969867039,0.685461905558181,0.685461829860274,0.685461819262292,0.685461691127921,0.685461597504137,0.685461568762849
Molar_methanol_selectivity_based_on_CO2__unitless,1.3539448517477,1.35392121992789,1.35399462891418,1.35399483340769,1.35399511467352,1.35399525798558,1.35399546611588,1.35399559665366,1.35399578429754,1.35399596904048,1.35399607890614,1.35399623570014,1.35399628877746,1.35399639198897,1.35399649845096,1.35399662113898,1.35399669511882,1.35399673515589,1.3539968136398,1.35399690088181,1.35399697765907,1.35399696831185,1.35399699109126,1.35399704280987,1.35399713774345,1.35399710181674,1.3539970946019,1.35399709046547,1.35399708737002,1.3539970825424,1.35399707611821,1.35399706684738,1.35399706235049,1.35399705415177,1.35399702930248,1.35399697154642,1.35399691680011,1.35399687241718,1.35399682947956,1.3539967935462,1.35399674547783,1.35399669471062,1.35399664203668,1.35399658774952,1.35399652349884,1.35399644272155,1.35399637000496,1.3539963516953,1.35399625162342,1.35399615895726,1.35399605615317,1.35399595295831,1.3539957895865,1.35399587626655,1.35399564140255,1.35399551625859,1.35399540436901,1.35399531777474,1.35399523223973,1.35399512925648,1.35399501754723,1.35399488779227,1.35399480618255,1.35399461866712,1.35399455230554,1.35399440651129,1.35399419363308,1.3539941912452,1.353994123198,1.35399391203987,1.35399375003142,1.35399368080625,1.3539934434267,1.3539932977788,1.35399318238841,1.35399304404395,1.35399287929905,1.35399279612471,1.35399265380743,1.35399250547804,1.35399226516714,1.35399219685975,1.35399204378979,1.35399195936385,1.35399163918606,1.35399160097402,1.35399145482663,1.35399138206195,1.35399109612367,1.35399093843169,1.35399079455381,1.35399056816264,1.35399037780889,1.3539902620541,1.35399011883571,1.35398991319431,1.35398978360057,1.35398960087227,1.35398941967914,1.35398924195357,1.35398907777952,1.35398876507379,1.35398870563966,1.35398857549582,1.35398829224932
Molar_methanol_selectivity_based_on_H2__unitless,3.14778489778412,3.14784595930912,3.14790153231842,3.14788888996132,3.1478789791035,3.14787092108837,3.14786401363791,3.14785808225311,3.14785280530981,3.14784812029243,3.14784404801893,3.14784025580633,3.14783697519734,3.14783398024786,3.1478312787413,3.14782882955843,3.14782666984757,3.14782476733657,3.14782303738507,3.14782149338235,3.14782013943857,3.14781903826748,3.14781806680038,3.14781722198765,3.14781648237065,3.14781599843618,3.14781561848788,3.14781536093054,3.14781522183241,3.14781519781553,3.14781528445333,3.14781547775673,3.14781576946703,3.14781615936102,3.14781665398464,3.14781727131185,3.1478179770507,3.14781875967444,3.14781962328149,3.14782056010415,3.14782158239065,3.14782268210472,3.1478238549527,3.14782510157253,3.14782642939303,3.14782782923403,3.14782929290014,3.14783075008922,3.14783237958479,3.14783404038944,3.14783572432853,3.14783755359302,3.14783942844746,3.14784222985586,3.14784327392981,3.14784528406895,3.14784734456534,3.14784943281217,3.1478515654361,3.1478537554116,3.14785599844911,3.14785830952355,3.14786062155393,3.14786307501127,3.14786545940818,3.14786795807618,3.14787055771915,3.1478730022103,3.14787555114558,3.14787827150116,3.14788098099665,3.14788364619441,3.14788649087232,3.14788930640384,3.1478920296373,3.14789496449973,3.14789795661417,3.14790081162464,3.14790376747706,3.147906764568,3.14790988370188,3.14791287754437,3.14791597712426,3.14791904050788,3.14792234954828,3.14792543037884,3.14792864190078,3.14793181382488,3.14793521030577,3.14793851062889,3.14794182961918,3.14794525000853,3.14794866737736,3.14795203771753,3.14795546104122,3.14795896855408,3.14796243017544,3.1479659662207,3.14796950031314,3.14797304937546,3.14797660449527,3.14798031878734,3.14798383523661,3.1479874601466,3.14799123673317
Average_temperature_inside_reactor_tubes__K,526.873039586256,526.229036234579,525.996352003803,525.856195734748,525.778472699776,525.707976417415,525.654991704835,525.621366821251,525.614174252954,525.558994341921,525.542437023954,525.524312982813,525.508183666511,525.497242424495,525.4839554841,525.471906332026,525.461032493975,525.45084945551,525.441721413398,525.435275613337,525.431248178852,525.422803454649,525.413870375211,525.402763319886,525.395601739354,525.387613049805,525.381328772916,525.377415133396,525.373515411405,525.369472129636,525.36602003964,525.362753302391,525.35981121866,525.356600972245,525.353545384067,525.350593475871,525.351292652203,525.348148933496,525.34562555601,525.343512831999,525.341446841548,525.339686094233,525.338084662543,525.336521999184,525.33499610565,525.333505184752,525.332047563619,525.330621624212,525.32959362912,525.328654995831,525.326467947538,525.326356008874,525.326244771855,525.326134571445,525.326024063936,525.325914189364,525.325804362864,525.325694720597,525.325585181259,525.325454198496,525.325323675617,525.325193503827,525.325049135993,525.324902898465,525.324764596674,525.324623356364,525.324479395544,525.324331989646,525.324333559792,525.324039432861,525.323962758499,525.323703515789,525.32338961725,525.323090139931,525.32280404014,525.322530710073,525.322269203432,525.321977603678,525.321776032383,525.321584313595,525.3214019095,525.321229866069,525.321066065507,525.32091007554,525.32076187618,525.320605162438,525.320427204816,525.320255775203,525.320108458099,525.320283021617,525.320455604502,525.320626078698,525.32079692901,525.324355044521,525.324498556271,525.324632990653,525.324756978719,525.324868653551,525.325003285345,525.325185010307,525.325355616915,525.325516149295,525.325591107202,525.32556211001,525.325478594379
Maximum_temperature_inside_reactor_tubes__K,550.5129077446,544.296374509036,542.701429691339,541.739619374173,541.033009741811,540.50667851199,540.066672739134,539.683678542706,539.366284324172,539.094006519243,538.843911303373,538.620102832051,538.410533296222,538.219989552189,538.048363556938,537.894597265015,537.749498601879,537.610776921741,537.477883782704,537.35250932465,537.233563904302,537.119251682138,537.019880045222,536.924844560524,536.832394366182,536.743356067021,536.657577323788,536.57540640105,536.495960146013,536.419873218381,536.344662492336,536.270799400744,536.201707606872,536.134464663208,536.069920896508,536.011109126237,535.954248744038,535.898235799783,535.843216992776,535.789432491809,535.736850363687,535.685340349661,535.634879271195,535.585422586384,535.536928769627,535.48935877451,535.442675627156,535.396845383682,535.351839420686,535.307956828574,535.268788099528,535.230755184554,535.193333997835,535.156501905247,535.120238818376,535.084458381571,535.049080146673,535.014212756797,534.979840039502,534.946140717553,534.912896850821,534.880095611112,534.848030422656,534.816496590041,534.785615876896,534.755083905685,534.724891771495,534.695017713378,534.665631676929,534.636911740215,534.608556203358,534.580896975088,534.553716597428,534.52690419173,534.500447807995,534.474340015324,534.448568339084,534.422955101856,534.398025580127,534.373996874631,534.350276937898,534.32693780719,534.303886622785,534.281107538237,534.258609899456,534.236647770587,534.215408373735,534.194410211275,534.173699255135,534.154119265759,534.134508752622,534.114870348031,534.095225843271,534.07574700383,534.056261318031,534.036747245447,534.017119355913,533.997345045038,533.977291774926,533.956917200747,533.936301205134,533.915500082055,533.899121814451,533.883734829572,533.867941685758
Average_kinetic_reaction_rate_of_CO2_hydrogenation_in_time__mol_per_s_kg_cat,0.00205990705425179,0.00313218258666776,0.00320775385521324,0.00322538021281154,0.00325830973546479,0.00325295730844161,0.00327717915301802,0.00328330570357884,0.0033081205373456,0.00331016801483253,0.00331789955486577,0.00332157576151948,0.00332544962986026,0.00336121430496191,0.00336420157153776,0.00336722139819927,0.0033702584760196,0.0033730575295548,0.0033760360756793,0.00338091795480604,0.00338756938390079,0.00338882456279176,0.00341950804604696,0.00341726385416446,0.00341891989106725,0.00341929631503043,0.00342111402740893,0.00342503358605015,0.00342865530662344,0.00343182465926998,0.00343531335741474,0.00343816513260576,0.00344091920017713,0.00344332651691405,0.00344569646667383,0.00344784034419262,0.00348556845771045,0.00348705327897395,0.00348904881444541,0.00349133455828289,0.00349445375153968,0.00349820771553226,0.00350199596132122,0.00350568880037451,0.00350928917974569,0.00351280179285382,0.00351622841388224,0.00351957242087811,0.0035232711735949,0.00352695518766237,0.00352895918031589,0.00353345167687824,0.00353785997177156,0.00354218636468095,0.00354643184210461,0.00355059618806229,0.00355467741436535,0.00355868523764536,0.00356262208450383,0.00356650780817672,0.0035703267525032,0.00357407622022579,0.0035776884680139,0.00358122621611937,0.00358469677762095,0.00358810540644277,0.00359145321835267,0.0035947388861171,0.0035981641549251,0.00360114195836206,0.00360438259583936,0.00360836282569142,0.00361250708613356,0.0036165710587582,0.00362055909318675,0.0036244752363508,0.0036283233867267,0.00363223493556692,0.0036360202331004,0.0036397454323688,0.00364341335657059,0.00364702342481962,0.0036505801955932,0.00365408433200536,0.00365754029608077,0.00366091444415842,0.00366418785496309,0.00366741529951416,0.00367049925248853,0.00367174450724698,0.00367289420867926,0.00367394185456447,0.00367488305435887,0.0037144707206239,0.00371527580685153,0.00371593853966834,0.00371644381061223,0.00371677404444769,0.00371701559736025,0.0037172413427779,0.00371724116448139,0.00371698191329589,0.0037161868957229,0.00371476870836262,0.00371288404961253
Average_kinetic_reaction_rate_of_RWGS_in_time__mol_per_s_kg_cat,-0.000552419572430822,-0.000778923082019114,-0.000797245282427338,-0.00079176584966198,-0.000794904619547911,-0.000794025800134559,-0.000792257190869057,-0.000796394022955607,-0.000812182605133137,-0.000798780008159525,-0.000805328109927785,-0.000807946026356359,-0.000810715029749007,-0.000820115880754033,-0.000822279327939359,-0.000824516249532649,-0.000826776032361586,-0.000828853114994016,-0.000831156954170402,-0.000835232072890955,-0.000840917328651283,-0.000841814639466684,-0.000846485767246921,-0.000844174562550149,-0.000845305593462493,-0.000845245644546532,-0.000846657410624667,-0.000849988457949012,-0.000853077232334662,-0.00085577906053287,-0.000858767760106815,-0.000861458611181191,-0.000864163613721983,-0.000866512893940352,-0.000868839877325931,-0.000871009470292404,-0.000882023156632489,-0.000883668824812537,-0.000885790788572011,-0.000888187032329938,-0.000890897563187555,-0.000893984824118263,-0.000897128186649246,-0.000900204828095533,-0.00090321654541098,-0.000906166912760173,-0.000909056971248737,-0.000911889850329493,-0.000915063912544748,-0.000918243108010264,-0.00091987145638623,-0.000923805396954921,-0.000927674210781302,-0.000931474788155183,-0.000935226673820988,-0.000938929907130365,-0.000942601948260864,-0.00094621956405699,-0.000949784558226339,-0.000953305019172109,-0.000956776438879315,-0.00096018602436693,-0.00096350178195865,-0.000966762444375132,-0.000969976991380611,-0.000973144265697062,-0.000976266297504728,-0.000979344684738176,-0.000982565123141425,-0.00098537794942422,-0.000988425970285786,-0.000991385288221752,-0.000994284926023893,-0.000997156154186349,-0.000999999655255711,-0.00100281705222125,-0.00100560720933106,-0.00100836060067208,-0.00101115594137938,-0.00101392628551031,-0.0010166724020081,-0.00101939385686746,-0.00102209256212099,-0.00102476827853794,-0.00102742135787623,-0.00103002586765935,-0.001032563186724,-0.00103507927727066,-0.00103757342770853,-0.00104001940312203,-0.00104242330003754,-0.00104479445077947,-0.00104713360392064,-0.00106051046705877,-0.00106280950243612,-0.00106506199232686,-0.00106726116154852,-0.00106940951174344,-0.00107157398299018,-0.00107381376007569,-0.00107599866842863,-0.00107812233109521,-0.00108001839007773,-0.00108164702208406,-0.00108314319948626
Average_reaction_effectiveness_rate_of_CO2_hydrogenation_in_time__unitless,0.999636130926677,0.999765566185388,0.999859149255856,0.99985988595121,0.999860612603357,0.999861263591602,0.999861401518293,0.999861844815906,0.999861487758593,0.999860507663055,0.999871968637666,0.999863347603083,0.999862870065845,0.999862415183075,0.999862422303409,0.999862435002596,0.999862484014523,0.99986250660167,0.999862514844134,0.999862529752829,0.999862530246172,0.999862547901762,0.999862467442584,0.999862521362762,0.999862552809889,0.999862601306229,0.999862631037843,0.999862621639549,0.99986287235498,0.999862837817672,0.999862845514081,0.999862846865777,0.999862857453232,0.999862868754094,0.999862876976876,0.999862870803341,0.999862699287091,0.999862704411069,0.999862708788267,0.999862716238529,0.99986265845613,0.999862658775673,0.999862658166574,0.999862647589952,0.999862641298154,0.999862641770388,0.999862617436722,0.999862612501381,0.999862608592303,0.999862358092375,0.99986217246486,0.999861707286792,0.999860432394476,0.999880018126533,0.99986515873841,0.999863226741567,0.999863166720452,0.999863090106938,0.999863076618476,0.999863035259803,0.999863019681135,0.999862638585622,0.999862630588858,0.999862617677097,0.999862611632824,0.999862603766371,0.9998625989245,0.99986259132199,0.999862584462852,0.999862578549185,0.999862571284371,0.999862565232363,0.999862556159122,0.999862320223848,0.999862120026193,0.999861061393374,0.999850314904947,0.999865608995485,0.999864091627304,0.999862945260657,0.999862836553914,0.999862830721532,0.999862811180302,0.999862791462593,0.999862781516609,0.999862776999839,0.999862769107381,0.999862750694531,0.99986274197936,0.999862739415289,0.999862740680922,0.999862730270033,0.999862727283656,0.999862560954454,0.99986255745059,0.999862556708792,0.999862548018772,0.999862551059318,0.999862549644034,0.999862550279261,0.999862551569152,0.999862553574289,0.999862557203646,0.999862564564282,0.999862560912301
Average_reaction_effectiveness_rate_of_RWGS_in_time__unitless,0.999371160006656,0.999133007141579,0.999707143912486,0.99971191201498,0.999712701730266,0.999714071107727,0.999716981187211,0.999715652268687,0.999718990381368,0.999740592076444,0.999490486570949,0.999703320675643,0.999713346000207,0.999719378872932,0.999720835450919,0.999721909425761,0.999722373656035,0.999722974556744,0.999723669341446,0.999723927520194,0.999723978709521,0.999724293802128,0.999724241152418,0.999724652426595,0.99972483452391,0.999725026986876,0.999725212638561,0.999725213344681,0.999724298044568,0.999724887554191,0.999724991049024,0.999725151465024,0.99972519847499,0.999725259836939,0.999725299839052,0.999725400001752,0.999725134015982,0.99972525404702,0.999725266514623,0.999725242148798,0.999725233810924,0.999725203368673,0.999725165692018,0.99972517160198,0.999725079347107,0.99972501480883,0.999724937933033,0.999724891554631,0.999724825094821,0.999729590102243,0.999732850640857,0.999739485300649,0.999755177494632,0.997840647468141,0.999682282852166,0.999718397564184,0.999719220139601,0.999720403003714,0.999720497011582,0.999721047004763,0.99972116919458,0.999723947146756,0.999723859590575,0.999723760124991,0.999723703684059,0.999723617196231,0.999723538872052,0.999723453106549,0.999723379484842,0.99972330376471,0.999723217458795,0.999723142053607,0.999723074553098,0.999727010734396,0.999730047284724,0.999743770032349,0.999698778267903,0.999663826547793,0.999698640045137,0.999719773525737,0.999721602355507,0.999721595566377,0.999721682335192,0.99972195630408,0.999721969691237,0.99972197409044,0.999721932925911,0.999721988141805,0.999721991978686,0.999721952690388,0.99972189346935,0.999721891571209,0.999721834566363,0.99972119399021,0.99972116012062,0.999721088627711,0.999721079507206,0.999721015816021,0.999720924550601,0.99972084568164,0.999720765643057,0.999720684053424,0.99972060377101,0.999720493910315,0.999720450748534
Average_catalyst_activity_in_time__unitless,1,0.603158727662727,0.516592200701307,0.469956726430485,0.438922932800782,0.416061319742562,0.398157708477158,0.383570088318082,0.371327761011019,0.360835046748404,0.351682466590978,0.34359566392069,0.336365782415507,0.329842682693134,0.323910268896364,0.318483169930055,0.31348550986452,0.308859314926327,0.304557569619592,0.300542069130904,0.296779966101036,0.293246669729867,0.289915441277422,0.286766515929948,0.283783281419595,0.280950154843536,0.278253986962275,0.27568337125893,0.273228179466809,0.270881373927485,0.268632806013285,0.266475306576398,0.264402808176926,0.262409081302766,0.260488896708508,0.258637464055009,0.256850487423201,0.255124055655634,0.253454653292282,0.251839167379131,0.250275829953172,0.248760232365242,0.24728984699853,0.24586227419617,0.244475363208601,0.243127054205253,0.241815469774928,0.240538842227639,0.239295503036342,0.238084155546286,0.236903151700669,0.235751228918043,0.234627025258043,0.233529361927322,0.232457142809138,0.231409314826613,0.230384917003981,0.229383002887341,0.228402698956384,0.227444171924389,0.22650560957466,0.225586306549803,0.224685531889772,0.223802673252572,0.222937242856073,0.222088442480177,0.221255704990182,0.220438515501552,0.219636335157251,0.218848703740053,0.218075123047815,0.217315149557431,0.216568396029332,0.215834441894135,0.215112896741982,0.214403387150469,0.213705576615906,0.21301910165616,0.212343635090616,0.211678862355731,0.211024481941825,0.210380272037759,0.209745885248596,0.209121054691882,0.208505523921136,0.207899078905989,0.207301448735481,0.206712404598189,0.206131726648978,0.205559336227084,0.204994857152869,0.204438114671491,0.203888897481183,0.203347623193692,0.202813501100392,0.202286380342435,0.20176607631878,0.201252449003034,0.200745362826419,0.200244650607979,0.199750146971328,0.199261835387072,0.198779468964988,0.198302895278277,0.197832003189967
